{"graph": {"_type": "graph-file", "sha256": "8cc29a6e7f1eacfe4da838b44116b29cd8d1a0401b68a84184e4f13b47e8886d", "size": 2511, "path": "media/graph/graph_summary_8cc29a6e7f1eacfe4da8.graph.json"}, "epoch": 4, "_timestamp": 1667966234.532741, "loss": 0.2793290913105011, "accuracy": 0.01768447831273079, "val_loss": 0.2670545279979706, "val_accuracy": 0.02053571492433548, "_runtime": 10633.48589515686, "_step": 4, "best_val_loss": 0.2670545279979706, "best_epoch": 4}