{"graph": {"_type": "graph-file", "sha256": "8cc29a6e7f1eacfe4da838b44116b29cd8d1a0401b68a84184e4f13b47e8886d", "size": 2511, "path": "media/graph/graph_summary_8cc29a6e7f1eacfe4da8.graph.json"}, "epoch": 9, "_timestamp": 1667978357.387263, "loss": 0.2602761387825012, "accuracy": 0.018278202041983604, "val_loss": 0.25054821372032166, "val_accuracy": 0.0186011902987957, "_runtime": 22756.340417146683, "_step": 9, "best_val_loss": 0.25054821372032166, "best_epoch": 9, "_wandb": {"runtime": 22762}}